task_id,hla,tissue,auroc,accuracy,f1,n_samples
HLA_HLA-C*07:01_Tissue_brain,HLA-C*07:01,brain,0.7975308641975308,0.898989898989899,0.4444444444444444,99
HLA_HLA-B*08:01_Tissue_breast,HLA-B*08:01,breast,0.7861111111111111,0.9393939393939394,0.5,66
HLA_HLA-A*02:01_Tissue_skin,HLA-A*02:01,skin,0.7828124999999999,0.8522727272727273,0.3157894736842105,88
HLA_HLA-B*14:02_Tissue_lymph node,HLA-B*14:02,lymph node,0.7777777777777778,0.9696969696969697,0.8,33
HLA_HLA-A*11:01_Tissue_pancreas,HLA-A*11:01,pancreas,0.7777777777777778,0.8787878787878788,0.3333333333333333,33
HLA_HLA-B*41:03_Tissue_kidney,HLA-B*41:03,kidney,0.7703125,0.9090909090909091,0.3333333333333333,88
HLA_HLA-A*02:01_Tissue_breast,HLA-A*02:01,breast,0.7700325561856752,0.6594202898550725,0.2946793997271487,1518
HLA_HLA-A*32:01_Tissue_prostate,HLA-A*32:01,prostate,0.7597222222222223,0.9393939393939394,0.6,66
HLA_HLA-A*02:01_Tissue_other,HLA-A*02:01,other,0.758,0.7909090909090909,0.30303030303030304,110
HLA_HLA-B*27:05_Tissue_adrenal gland,HLA-B*27:05,adrenal gland,0.75,0.7727272727272727,0.4444444444444444,22
HLA_HLA-C*17:01_Tissue_liver,HLA-C*17:01,liver,0.75,0.8636363636363636,0.4,22
HLA_HLA-C*07:01_Tissue_cerebellum,HLA-C*07:01,cerebellum,0.75,0.7727272727272727,0.2857142857142857,22
HLA_HLA-B*47:01_Tissue_kidney,HLA-B*47:01,kidney,0.75,0.9545454545454546,0.6666666666666666,22
HLA_HLA-B*15:02_Tissue_blood,HLA-B*15:02,blood,0.743329578716031,0.6829243765084473,0.27550551470588236,19888
HLA_HLA-B*44:02_Tissue_esophagus,HLA-B*44:02,esophagus,0.7166666666666666,0.8787878787878788,0.3333333333333333,33
HLA_HLA-C*03:04_Tissue_colon,HLA-C*03:04,colon,0.7055555555555555,0.8787878787878788,0.3333333333333333,33
HLA_HLA-C*02:02_Tissue_bone marrow,HLA-C*02:02,bone marrow,0.7,0.9090909090909091,0.0,22
HLA_HLA-C*02:02_Tissue_adrenal gland,HLA-C*02:02,adrenal gland,0.7,0.8181818181818182,0.0,11
HLA_HLA-A*02:01_Tissue_pleural effusion,HLA-A*02:01,pleural effusion,0.61875,0.8181818181818182,0.2,44
HLA_HLA-B*18:01_Tissue_breast,HLA-B*18:01,breast,0.6,0.9090909090909091,0.0,11
