{
  "overall": {
    "n_tasks": 76,
    "mean_auroc": 0.9535814569320581,
    "median_auroc": 0.9831089037282597,
    "std_auroc": 0.08930646617748299,
    "min_auroc": 0.4,
    "max_auroc": 1.0,
    "mean_accuracy": 0.9601415784561705,
    "mean_f1": 0.8034939282174959
  },
  "by_hla": {
    "H2-Db": {
      "mean_auroc": 0.9799027503752712,
      "n_tasks": 23,
      "mean_accuracy": 0.9720057274562377,
      "total_samples": 36773
    },
    "H2-Dq": {
      "mean_auroc": 0.9674591836734694,
      "n_tasks": 1,
      "mean_accuracy": 0.961038961038961,
      "total_samples": 1540
    },
    "H2-IAb": {
      "mean_auroc": 0.9424558202353972,
      "n_tasks": 6,
      "mean_accuracy": 0.9319407589841257,
      "total_samples": 6620
    },
    "H2-IAd": {
      "mean_auroc": 0.9125000000000001,
      "n_tasks": 1,
      "mean_accuracy": 0.9090909090909091,
      "total_samples": 44
    },
    "H2-IAg7": {
      "mean_auroc": 0.942938434964206,
      "n_tasks": 4,
      "mean_accuracy": 0.9633702282565919,
      "total_samples": 2024
    },
    "H2-IAs": {
      "mean_auroc": 0.4,
      "n_tasks": 1,
      "mean_accuracy": 0.9090909090909091,
      "total_samples": 11
    },
    "H2-IEk": {
      "mean_auroc": 0.66,
      "n_tasks": 1,
      "mean_accuracy": 0.9090909090909091,
      "total_samples": 55
    },
    "H2-IEp": {
      "mean_auroc": 0.7777777777777778,
      "n_tasks": 1,
      "mean_accuracy": 0.9393939393939394,
      "total_samples": 33
    },
    "H2-Kb": {
      "mean_auroc": 0.9784099665054804,
      "n_tasks": 23,
      "mean_accuracy": 0.9715886391493279,
      "total_samples": 42015
    },
    "H2-Kd": {
      "mean_auroc": 0.9652852018419219,
      "n_tasks": 7,
      "mean_accuracy": 0.9448953021260236,
      "total_samples": 19256
    },
    "H2-Kk": {
      "mean_auroc": 0.9653098702703149,
      "n_tasks": 3,
      "mean_accuracy": 0.9342491143260224,
      "total_samples": 10428
    },
    "H2-Kq": {
      "mean_auroc": 0.9888888888888889,
      "n_tasks": 1,
      "mean_accuracy": 0.9393939393939394,
      "total_samples": 33
    },
    "H2-Q1": {
      "mean_auroc": 0.7074074074074075,
      "n_tasks": 1,
      "mean_accuracy": 0.898989898989899,
      "total_samples": 99
    },
    "H2-Q2": {
      "mean_auroc": 0.9791834319526628,
      "n_tasks": 3,
      "mean_accuracy": 0.9799533799533799,
      "total_samples": 385
    }
  },
  "by_tissue": {
    "adrenal gland": {
      "mean_auroc": 0.99990234375,
      "n_tasks": 2,
      "mean_accuracy": 0.9961919729206963,
      "total_samples": 869
    },
    "bladder": {
      "mean_auroc": 0.9993974480151229,
      "n_tasks": 2,
      "mean_accuracy": 0.9977833564790086,
      "total_samples": 913
    },
    "blood": {
      "mean_auroc": 0.9583729237383926,
      "n_tasks": 4,
      "mean_accuracy": 0.9538105782653276,
      "total_samples": 2704
    },
    "bone marrow": {
      "mean_auroc": 0.9162949518665675,
      "n_tasks": 5,
      "mean_accuracy": 0.9506760441393469,
      "total_samples": 3883
    },
    "brain": {
      "mean_auroc": 0.9996913580246913,
      "n_tasks": 2,
      "mean_accuracy": 0.9974747474747474,
      "total_samples": 638
    },
    "breast": {
      "mean_auroc": 0.9781740362811792,
      "n_tasks": 2,
      "mean_accuracy": 0.9502164502164503,
      "total_samples": 1573
    },
    "central nervous system (CNS)": {
      "mean_auroc": 1.0,
      "n_tasks": 2,
      "mean_accuracy": 0.998989898989899,
      "total_samples": 1111
    },
    "colon": {
      "mean_auroc": 0.9144965492906247,
      "n_tasks": 2,
      "mean_accuracy": 0.9037652905198776,
      "total_samples": 7964
    },
    "heart": {
      "mean_auroc": 1.0,
      "n_tasks": 2,
      "mean_accuracy": 0.9977272727272728,
      "total_samples": 781
    },
    "kidney": {
      "mean_auroc": 0.9997025723537896,
      "n_tasks": 2,
      "mean_accuracy": 0.9972820535595328,
      "total_samples": 2244
    },
    "liver": {
      "mean_auroc": 0.9265248887504125,
      "n_tasks": 5,
      "mean_accuracy": 0.8790332445808074,
      "total_samples": 33474
    },
    "lung": {
      "mean_auroc": 0.9993629931775294,
      "n_tasks": 2,
      "mean_accuracy": 0.9949890470974809,
      "total_samples": 2926
    },
    "lymphoid": {
      "mean_auroc": 0.8831908709329231,
      "n_tasks": 7,
      "mean_accuracy": 0.965230892480468,
      "total_samples": 4741
    },
    "other": {
      "mean_auroc": 0.8465913280178327,
      "n_tasks": 4,
      "mean_accuracy": 0.9488636363636364,
      "total_samples": 770
    },
    "ovary": {
      "mean_auroc": 0.9999567474048443,
      "n_tasks": 2,
      "mean_accuracy": 0.9986631016042781,
      "total_samples": 506
    },
    "pancreas": {
      "mean_auroc": 0.9498529608420786,
      "n_tasks": 4,
      "mean_accuracy": 0.9602589292421925,
      "total_samples": 3729
    },
    "prostate": {
      "mean_auroc": 0.8629444761129301,
      "n_tasks": 2,
      "mean_accuracy": 0.8709280421594181,
      "total_samples": 3949
    },
    "skin": {
      "mean_auroc": 0.9748312937271608,
      "n_tasks": 4,
      "mean_accuracy": 0.9507813709052099,
      "total_samples": 12056
    },
    "small intestine": {
      "mean_auroc": 0.9983594291304485,
      "n_tasks": 2,
      "mean_accuracy": 0.9925595238095238,
      "total_samples": 2970
    },
    "spinal cord": {
      "mean_auroc": 1.0,
      "n_tasks": 1,
      "mean_accuracy": 1.0,
      "total_samples": 154
    },
    "spleen": {
      "mean_auroc": 0.9619345155786369,
      "n_tasks": 7,
      "mean_accuracy": 0.9398431519368737,
      "total_samples": 22792
    },
    "stomach": {
      "mean_auroc": 0.9981827348394768,
      "n_tasks": 2,
      "mean_accuracy": 0.9929780564263323,
      "total_samples": 594
    },
    "testis": {
      "mean_auroc": 0.9996924259900037,
      "n_tasks": 2,
      "mean_accuracy": 0.9946524064171123,
      "total_samples": 1221
    },
    "thymus": {
      "mean_auroc": 0.9848720287977152,
      "n_tasks": 5,
      "mean_accuracy": 0.975338456799131,
      "total_samples": 4642
    },
    "uterus": {
      "mean_auroc": 0.9997667100694445,
      "n_tasks": 2,
      "mean_accuracy": 0.9933712121212122,
      "total_samples": 2112
    }
  },
  "by_sample_size": {
    "<50": {
      "mean_auroc": 0.8748263888888889,
      "n_tasks": 8
    },
    "50-100": {
      "mean_auroc": 0.8457328703703704,
      "n_tasks": 5
    },
    "100-500": {
      "mean_auroc": 0.9923515444695499,
      "n_tasks": 14
    },
    ">500": {
      "mean_auroc": 0.9663672171693829,
      "n_tasks": 49
    }
  }
}