task_id,hla,tissue,auroc,accuracy,f1,n_samples
HLA_HLA-C*12:03_Tissue_lung,HLA-C*12:03,lung,0.9260732715108879,0.8944416114227435,0.5784114052953157,1961
HLA_HLA-A*30:02_Tissue_thymus,HLA-A*30:02,thymus,0.925,0.8636363636363636,0.5714285714285714,22
HLA_HLA-A*02:01_Tissue_other,HLA-A*02:01,other,0.9213032581453635,0.8957345971563981,0.5925925925925926,211
HLA_HLA-B*73:01_Tissue_blood,HLA-B*73:01,blood,0.9209876543209876,0.8585858585858586,0.5,198
HLA_HLA-A*68:02_Tissue_lymphoid,HLA-A*68:02,lymphoid,0.9199691626570685,0.9098731884057971,0.5845511482254697,2208
HLA_HLA-B*27:05_Tissue_blood,HLA-B*27:05,blood,0.919329603878196,0.9083505687693899,0.6052338530066815,15472
HLA_HLA-C*07:02_Tissue_lung,HLA-C*07:02,lung,0.9183431952662722,0.8496503496503497,0.4819277108433735,286
HLA_HLA-C*12:02_Tissue_blood,HLA-C*12:02,blood,0.9137857347249337,0.8913172888851093,0.558091286307054,11759
HLA_HLA-C*06:02_Tissue_blood,HLA-C*06:02,blood,0.9094225269597432,0.8759071117561683,0.5196629213483146,2756
HLA_HLA-A*02:01_Tissue_blood,HLA-A*02:01,blood,0.9082194778856484,0.8921245945430262,0.5658892408100585,41928
HLA_HLA-B*18:01_Tissue_breast,HLA-B*18:01,breast,0.90625,0.9090909090909091,0.5,44
HLA_HLA-B*51:01_Tissue_central nervous system (CNS),HLA-B*51:01,central nervous system (CNS),0.9053819444444444,0.9204545454545454,0.6181818181818182,264
HLA_HLA-A*02:01_Tissue_pancreas,HLA-A*02:01,pancreas,0.9022160664819944,0.9186602870813397,0.6222222222222222,209
HLA_HLA-B*39:06_Tissue_blood,HLA-B*39:06,blood,0.9,0.8636363636363636,0.4,22
HLA_HLA-B*15:16_Tissue_lymphoid,HLA-B*15:16,lymphoid,0.9,0.9090909090909091,0.6666666666666666,11
HLA_HLA-B*41:05_Tissue_kidney,HLA-B*41:05,kidney,0.89375,0.8181818181818182,0.3333333333333333,44
HLA_HLA-A*11:01_Tissue_pancreas,HLA-A*11:01,pancreas,0.8818181818181818,0.8925619834710744,0.5185185185185185,121
HLA_HLA-B*41:01_Tissue_kidney,HLA-B*41:01,kidney,0.7749999999999999,0.8636363636363636,0.0,22
HLA_HLA-A*30:01_Tissue_kidney,HLA-A*30:01,kidney,0.7555555555555555,0.8484848484848485,0.0,33
HLA_HLA-A*66:01_Tissue_blood,HLA-A*66:01,blood,0.75,0.9090909090909091,0.5,22
